"Date","Chrome","Safari","UC Browser","Android","Opera","Samsung Internet","Nokia","BlackBerry","IEMobile","NetFront","Firefox","QQ Browser","Unknown","KaiOS","Dolfin","Puffin","Yandex Browser","Samsung","Edge Legacy","Openwave","Whale Browser","SonyEricsson","Obigo","Instabridge","Jasmine","Edge","Sony PSP","Tizen","Phantom","Coc Coc","Baidu Browser","Sony PSP Vita","MeeGo","mCent","Nintendo 3DS","Bolt","Other"
2009-01,0,35.96,0,1.92,24.69,0,17.78,4.91,1.49,1.35,0,0,0,0,0,0,0,0,0,2.61,0,3.17,0,0,0,0,4.38,0,0,0,0,0,0,0,0,0,1.73
2009-02,0,36.43,0,2.06,23.15,0,18.25,5.57,1.37,1.44,0,0,0,0,0,0,0,0,0,2.51,0,3.34,0,0,0,0,3.58,0,0,0,0,0,0,0,0,0,2.29
2009-03,0,39.6,0,2.18,21.45,0,17.95,5.97,1.24,1.46,0,0,0,0,0,0,0,0,0,2.32,0,3.15,0,0,0,0,3.18,0,0,0,0,0,0,0,0,0,1.49
2009-04,0,41.91,0,2.02,21.08,0,16.77,6.39,1.13,1.51,0,0,0,0,0,0,0,0,0,1.99,0,2.95,0,0,0,0,2.85,0,0,0,0,0,0,0,0,0,1.4
2009-05,0,37.32,0,1.86,24.64,0,17.9,6.92,1.01,1.52,0,0,0,0,0,0,0,0,0,1.9,0,2.92,0,0,0,0,2.68,0,0,0,0,0,0,0,0,0,1.32
2009-06,0,35.85,0,0.13,25.79,0,18.49,7.92,0.99,1.66,0,0,0,0,0,0,0,0,0,2.14,0,3.01,0,0,0,0,2.75,0,0,0,0,0,0,0,0,0.03,1.26
2009-07,0,34.2,0,2.21,24.9,0,18.71,8.45,0.97,2.18,0,0,0,0,0,0,0,0.18,0,1.95,0,2.35,0,0,0,0,2.59,0,0,0,0,0,0,0,0,0,1.31
2009-08,0,33.91,0,2.28,25.47,0,18.68,8.45,1.06,3.67,0,0,0,0,0,0,0,0.69,0,1.54,0,0.22,0,0,0,0,2.15,0,0,0,0,0,0,0,0,0,1.89
2009-09,0,31.13,0,2.32,26.49,0,20.43,8.53,0.99,3.85,0,0,0,0,0,0,0,0.77,0,1.62,0,0.24,0,0,0,0,1.74,0,0,0,0,0,0,0,0,0,1.89
2009-10,0,30.5,0,2.56,26.92,0,20.84,8.79,0.8,3.69,0,0,0,0,0,0,0,0.8,0,1.53,0,0.24,0,0,0,0,1.55,0,0,0,0,0,0,0,0,0,1.78
2009-11,0,31.56,0,3.31,26.57,0,19.32,9.37,0.69,3.51,0,0,0,0,0,0,0,0.86,0,1.28,0,0.29,0,0,0,0,1.58,0,0,0,0,0,0,0,0,0,1.65
2009-12,0,32.05,0,4.06,26.39,0,18.98,9.27,0.58,3.35,0,0,0,0,0,0,0,0.88,0,1.09,0,0.31,0,0,0,0,1.55,0,0,0,0,0,0,0,0,0,1.47
2010-01,0,33.13,0,4.54,25.53,0,18.53,9.85,0.49,3.27,0,0,0,0,0,0,0,0.85,0,0.97,0,0.3,0,0,0,0,1.2,0,0,0,0,0,0,0,0,0,1.34
2010-02,0,33.92,0.02,5.35,25,0,16.99,10.67,0.41,3.06,0,0,0,0,0,0,0,0.9,0,0.96,0,0.29,0,0,0,0,1.11,0,0,0,0,0,0,0,0,0,1.31
2010-03,0,30.13,1.23,5.84,26.1,0,16.45,12.31,0.37,3.22,0,0,0,0,0,0,0,0.89,0,0.81,0,0.3,0,0,0,0,1.1,0,0,0,0,0,0,0,0,0,1.25
2010-04,0,29.39,1.13,6.18,26.14,0,15.52,13.67,0.32,3.23,0,0,0,0,0,0,0,0.85,0,0.69,0,0.31,0,0,0,0,1.16,0,0,0,0,0,0,0,0,0.08,1.32
2010-05,0,29.06,1.21,6.3,26.68,0,14.69,13.78,0.27,3.06,0,0,0,0,0,0,0,0.78,0,0.69,0,0.31,0,0,0,0,1.02,0,0,0,0,0,0,0,0,0.62,1.54
2010-06,0,26.71,1.16,6.84,25.89,0,15.98,14.68,0.23,3.38,0,0,0,0,0,0,0,0.97,0,0.71,0,0.33,0,0,0,0,1.02,0,0,0,0,0,0,0,0,0.69,1.42
2010-07,0,25.87,1.02,8.32,23.55,0,16.5,16.19,0.23,3.51,0,0,0,0,0,0,0,0.94,0,0.68,0,0.36,0,0,0,0,0.92,0,0,0,0,0,0,0,0,0.65,1.25
2010-08,0,25.49,0.99,8.95,23.52,0,16.3,16.7,0.2,3.52,0,0,0,0,0,0,0,0.95,0,0.63,0,0.38,0,0,0,0,0.7,0,0,0,0,0,0,0,0,0.5,1.19
2010-09,0,22.66,0.9,9.48,24.82,0,16.77,17.66,0.18,3.53,0,0,0,0,0,0,0,0.98,0,0.61,0,0.38,0,0,0,0,0.46,0,0,0,0,0,0,0,0,0.51,1.07
2010-10,0,22.27,0.92,10.33,24.53,0,16.44,17.96,0.16,3.47,0,0,0,0,0,0,0,0.86,0,0.56,0,0.39,0,0,0,0,0.4,0,0,0,0,0,0,0,0,0.55,1.16
2010-11,0,21.8,1.05,11.27,21.85,0,16.65,19.05,0.14,3.86,0,0,0,0,0,0,0,1.2,0,0.65,0,0.41,0,0,0,0,0.37,0,0,0,0,0,0,0,0,0.51,1.2
2010-12,0,23.44,0.79,13.23,20.1,0,15.68,17.87,0.13,3.93,0,0,0,0,0,0,0,1.61,0,0.68,0,0.4,0,0,0,0,0.42,0,0,0,0,0,0,0,0,0.44,1.27
2011-01,0,24.9,0.76,14.19,21.04,0,15.52,14.85,0.26,3.79,0,0,0,0,0,0,0,1.71,0,0.58,0,0.42,0,0,0,0,0.39,0,0,0,0,0,0,0,0,0.41,1.18
2011-02,0,24.44,0.79,14.7,21.15,0,15.77,14.35,0.37,3.8,0,0,0,0,0,0,0,1.79,0,0.56,0,0.43,0,0,0,0,0.34,0,0,0,0,0,0,0,0,0.39,1.11
2011-03,0,24.27,0.69,15.28,21.02,0,15.94,13.93,0.37,3.87,0,0,0,0,0,0,0,1.88,0,0.54,0,0.43,0,0,0,0,0.32,0,0,0,0,0,0,0,0,0.34,1.11
2011-04,0,23.24,0.7,15.49,21.9,0,16.32,13.37,0.37,3.51,0,0,0.55,0,0.22,0,0,1.4,0,0.5,0,0.43,0.07,0,0.27,0,0.31,0,0,0,0,0,0,0,0,0.33,1.02
2011-05,0,21.99,0.48,17.01,21.81,0,16.5,12.76,0.35,2.31,0,0,1.91,0,0.68,0,0,0.16,0,0.39,0,0.43,0.89,0,0.94,0,0.28,0,0,0,0,0,0,0,0,0.32,0.79
2011-06,0,19.96,0.58,17.25,22.81,0,17.66,11.98,0.32,3,0,0,1.24,0,0.78,0,0,0.38,0,0.36,0,0.44,0.99,0,0.95,0,0.26,0,0,0,0,0,0,0,0,0.33,0.71
2011-07,0,19.94,0.68,18.17,22.07,0,17.1,12.3,0.33,4.01,0,0,0.04,0,0.85,0,0,0.58,0,0.32,0,0.43,0.99,0,0.92,0,0.24,0,0,0,0,0,0,0,0,0.35,0.68
2011-08,0,19.31,0.81,19.72,21.61,0,16.99,11.64,0.34,4.05,0,0,0.04,0,0.99,0,0,0.62,0,0.3,0,0.42,1.01,0,0.93,0,0.26,0,0,0,0,0,0,0,0,0.3,0.65
2011-09,0,21.1,1.19,19.9,22.45,0,16.01,10.51,0.37,3.41,0,0,0.06,0,0.97,0,0,0.67,0,0.3,0,0.39,0.82,0,0.71,0,0.25,0,0,0,0,0,0,0,0,0.31,0.59
2011-10,0,23.36,4.7,20.88,21.52,0,12.4,9.26,0.41,3.1,0,0,0.02,0,0.92,0,0,0.58,0,0.29,0,0.29,0.72,0,0.56,0,0.29,0,0,0,0,0,0,0,0,0.28,0.39
2011-11,0,24.08,5.11,20.41,22.49,0,11.94,8.2,0.4,3.07,0.08,0,0.02,0,0.96,0,0,0.62,0,0.27,0,0.27,0.63,0,0.51,0,0.27,0,0,0,0,0,0.01,0,0,0.32,0.33
2011-12,0,22.59,4.94,20.22,24.22,0,12.92,7.53,0.37,3.14,0.13,0,0.02,0,0.98,0,0,0.63,0,0.25,0,0.26,0.58,0,0.48,0,0.27,0,0,0,0,0,0.02,0,0.06,0.13,0.29
2012-01,0,23.91,5.39,21.39,23.34,0,11.82,6.68,0.39,3.19,0.14,0,0.02,0,1.03,0,0,0.64,0,0.21,0,0.23,0.51,0,0.48,0,0.23,0,0,0,0,0,0.02,0,0.13,0,0.25
2012-02,0.02,25.37,5.9,22.67,21.7,0,11.24,6.53,0.44,2.61,0.15,0,0.02,0,1,0,0,0.59,0,0.18,0,0.21,0.41,0,0.39,0,0.18,0,0,0,0,0,0.03,0,0.1,0,0.25
2012-03,0.03,23.86,6.35,21.16,22.86,0,11.86,6.18,0.46,3.29,0.15,0,0.02,0,1.24,0,0,0.65,0,0.16,0,0.21,0.46,0,0.46,0,0.2,0,0,0,0,0,0.03,0,0.12,0,0.23
2012-04,0.03,23.73,7.77,21.31,21.52,0,11.42,5.83,0.5,3.75,0.15,0.01,0.13,0,1.33,0,0,0.73,0,0.16,0,0.19,0.42,0,0.46,0,0.19,0,0,0,0,0,0.03,0,0.14,0,0.23
2012-05,0.03,22.85,8.47,21.06,21.9,0,11.53,5.38,0.55,3.97,0.14,0.02,0.29,0,1.41,0,0,0.71,0,0.14,0,0.17,0.38,0,0.43,0,0.18,0,0,0,0,0,0.03,0,0.14,0,0.21
2012-06,0.11,24.45,8.51,21.97,21.42,0,10.99,4.97,0.56,3.2,0.14,0.02,0.27,0,1.32,0,0,0.57,0,0.12,0,0.14,0.33,0,0.39,0,0.17,0,0,0,0,0,0.03,0,0.14,0,0.19
2012-07,0.58,25.02,8.18,23.16,19.41,0,10.14,4.71,0.69,3.85,0.28,0.04,0.57,0,1.26,0,0,0.59,0,0.11,0,0.12,0.3,0,0.36,0,0.18,0,0.02,0,0,0,0.03,0,0.16,0,0.24
2012-08,0.64,24.13,7.79,24.4,19.34,0,10.18,4.38,0.75,3.81,0.52,0.05,0.68,0,1.23,0,0,0.57,0,0.1,0,0.12,0.29,0,0.34,0,0.17,0,0.05,0,0,0,0.03,0,0.17,0,0.27
2012-09,0.45,23.56,7.35,25.1,19.27,0,10.61,4.27,0.8,4.01,0.52,0.06,0.69,0,1.21,0,0,0.56,0,0.09,0,0.12,0.29,0,0.34,0,0.13,0,0.07,0,0,0,0.03,0,0.15,0,0.29
2012-10,0.52,23.66,7.65,25.84,18.92,0,10.2,4.02,0.8,4.05,0.54,0.06,0.65,0,1.15,0,0,0.53,0,0.08,0,0.11,0.27,0,0.32,0,0.12,0,0.08,0,0,0,0.03,0,0.14,0,0.25
2012-11,0.59,23.67,9.08,27.15,17.99,0,9.34,3.64,0.83,3.73,0.57,0.06,0.59,0,0.99,0,0,0.54,0,0.07,0,0.1,0.22,0,0.28,0,0.11,0,0.08,0,0,0,0.03,0,0.14,0,0.18
2012-12,0.77,23.2,10.2,28.28,16.94,0,9.08,3.25,0.89,3.7,0.44,0.06,0.56,0,0.95,0,0,0.53,0,0.07,0,0.09,0.2,0,0.26,0,0.11,0,0.09,0,0,0,0.03,0,0.14,0,0.16
2013-01,1.06,25.79,9.75,30.85,15.35,0,7.46,3.1,1.04,2.7,0.27,0.06,0.45,0,0.72,0,0,0.43,0,0.06,0,0.07,0.15,0,0.18,0,0.1,0,0.09,0,0,0,0.03,0,0.15,0,0.14
2013-02,1.34,27.14,8.34,31.54,15.4,0,6.91,3.02,1.06,2.51,0.28,0.05,0.43,0,0.64,0,0,0.42,0,0.06,0,0.06,0.13,0,0.15,0,0.09,0,0.09,0,0,0,0.03,0,0.15,0,0.15
2013-03,2.02,27.08,8.27,30.78,15.54,0,6.96,2.96,1.18,2.48,0.3,0.05,0.42,0,0.64,0,0,0.39,0,0.05,0,0.06,0.13,0,0.15,0,0.1,0,0.1,0,0,0,0.03,0,0.17,0,0.15
2013-04,2.29,26.39,8.74,30.96,15.35,0,7.03,2.94,1.25,2.39,0.32,0.05,0.41,0,0.61,0,0,0.37,0,0.04,0,0.06,0.12,0,0.15,0,0.09,0,0.1,0,0,0,0.03,0,0.16,0,0.14
2013-05,2.73,25.77,9.09,30.46,15.45,0,7.12,3.13,1.33,2.38,0.34,0.05,0.39,0,0.58,0,0,0.37,0,0.04,0,0.06,0.11,0,0.13,0,0.09,0,0.1,0,0,0,0.03,0,0.1,0,0.14
2013-06,3.23,24.99,9.89,29.06,16.06,0,7.38,3.11,1.4,2.4,0.37,0.05,0.38,0,0.56,0,0,0.36,0,0.04,0,0.05,0.1,0,0.13,0,0.08,0,0.1,0,0,0,0.02,0,0.1,0,0.14
2013-07,3.77,24.64,10.57,28.64,15.73,0,7.14,3.13,1.53,2.32,0.37,0.04,0.34,0,0.51,0.18,0,0.19,0,0.21,0,0.04,0.08,0,0.11,0,0.08,0,0.09,0,0,0,0.02,0,0.09,0,0.16
2013-08,4.25,23.28,11.15,28.62,16.1,0,7.04,3.17,1.63,2.28,0.38,0.05,0.34,0,0.49,0.2,0,0.19,0,0.21,0,0.04,0.08,0,0.1,0,0.07,0,0.1,0,0,0,0.02,0,0.05,0,0.16
2013-09,4.63,22.57,11.8,28.18,16.62,0,6.58,3.1,1.71,2.41,0.38,0.05,0.34,0,0.46,0.19,0,0.2,0,0.21,0,0.04,0.07,0,0.09,0,0.05,0,0.09,0,0,0,0.02,0,0.04,0,0.15
2013-10,4.78,20.36,10.48,25.68,23.86,0,5.86,2.88,1.71,2.19,0.36,0.04,0.33,0,0.39,0.18,0,0.17,0,0.19,0,0.03,0.08,0,0.09,0,0.04,0,0.09,0,0,0,0.02,0,0.03,0,0.14
2013-11,6.3,21.47,11.56,26.69,16.51,0,7.06,3.21,1.94,2.54,0.41,0.06,0.55,0,0.43,0.17,0,0.16,0,0.25,0,0.1,0.15,0,0.12,0,0.03,0,0.13,0,0,0,0.02,0,0.03,0,0.14
2013-12,7.36,21.01,11.78,26.63,16.34,0,6.76,3.03,2.06,2.43,0.38,0.07,0.54,0,0.41,0.17,0,0.13,0,0.24,0,0.12,0.12,0,0.1,0,0.03,0,0.11,0,0,0,0.01,0,0.02,0,0.13
2014-01,8.66,22.67,11.57,27.03,14.56,0,6.1,2.55,2.14,2.23,0.37,0.08,0.55,0,0.38,0.17,0,0.13,0,0.23,0,0.1,0.1,0,0.09,0,0.02,0,0.1,0,0,0.02,0.01,0,0.02,0,0.14
2014-02,11.95,22.06,11.3,26.46,13.68,0,5.64,2.22,2.2,2.05,0.37,0.1,0.52,0,0.35,0.15,0,0.12,0,0.21,0,0.09,0.09,0,0.08,0,0.02,0,0.09,0,0,0.06,0.01,0,0.02,0,0.16
2014-03,13.59,22.67,11.17,25.74,13.03,0,5.21,2.11,2.19,1.94,0.38,0.09,0.52,0,0.34,0.13,0.01,0.11,0,0.19,0,0.09,0.08,0,0.07,0,0.02,0,0.08,0,0.02,0.06,0.01,0,0.02,0,0.12
2014-04,15.62,22.26,11.09,25.52,12.26,0,4.82,1.81,2.38,1.94,0.37,0.08,0.53,0,0.33,0.15,0.02,0.11,0,0.18,0,0.09,0.07,0,0.07,0,0.02,0,0.08,0,0.04,0.06,0.01,0,0.02,0,0.08
2014-05,18.33,22.33,10.39,25.26,11.6,0,4.35,1.57,2.38,1.63,0.42,0.07,0.51,0,0.28,0.14,0.02,0.09,0,0.15,0,0.09,0.06,0,0.06,0,0.01,0,0.07,0,0.03,0.05,0.01,0,0.02,0,0.07
2014-06,19.43,23.35,9.82,24.48,11.51,0,4.14,1.55,2.36,1.37,0.42,0.08,0.46,0,0.26,0.12,0.02,0.06,0,0.13,0,0.08,0.06,0,0.05,0,0.01,0,0.07,0,0.04,0.05,0.01,0,0.02,0,0.06
2014-07,21.53,24.02,9.56,22.91,11.11,0,3.87,1.37,2.4,1.31,0.43,0.1,0.44,0,0.23,0.1,0.02,0.05,0,0.11,0,0.07,0.05,0,0.05,0,0.01,0,0.06,0,0.04,0.06,0.01,0,0.02,0,0.05
2014-08,22.67,22.64,10.33,22.35,11.16,0,3.89,1.3,2.34,1.35,0.43,0.11,0.49,0,0.23,0.1,0.02,0.05,0,0.12,0,0.08,0.05,0,0.05,0,0.01,0,0.06,0,0.05,0.05,0.01,0,0.01,0,0.05
2014-09,24.49,23.79,9.86,21.53,10.13,0,3.56,1.29,2.27,1.2,0.44,0.1,0.46,0,0.21,0.09,0.02,0.04,0,0.1,0,0.08,0.04,0,0.04,0,0.01,0,0.05,0,0.06,0.04,0.01,0,0.01,0,0.1
2014-10,27.73,25.05,8.74,20.93,8.73,0,2.87,1.07,2.29,0.92,0.47,0.09,0.38,0,0.17,0.09,0.02,0.03,0,0.08,0,0.06,0.03,0,0.03,0,0.01,0,0.04,0,0.06,0.05,0.01,0,0.01,0,0.04
2014-11,29.58,22.1,9.94,20.45,8.99,0,2.93,1.08,2.39,0.89,0.4,0.12,0.39,0,0.17,0.1,0.02,0.03,0,0.08,0,0.07,0.03,0,0.03,0,0.01,0,0.04,0,0.07,0.04,0.01,0,0.02,0,0.06
2014-12,29.76,22.57,11.1,18.87,9.13,0,2.83,1.1,2.15,0.86,0.38,0.13,0.36,0,0.16,0.1,0.02,0.03,0,0.07,0,0.06,0.03,0,0.03,0,0,0,0.03,0,0.07,0.04,0.01,0,0.02,0,0.07
2015-01,29.22,21.58,12.07,19.07,9.58,0,2.84,1.07,2.12,0.76,0.4,0.17,0.33,0,0.15,0.11,0.03,0.03,0,0.08,0,0.06,0.03,0,0.03,0,0,0.01,0.03,0,0.08,0.05,0.02,0,0.02,0,0.06
2015-02,30.68,21.88,11.65,19.08,8.69,0,2.57,0.99,2.13,0.7,0.4,0.2,0.3,0,0.14,0.1,0.03,0.02,0,0.07,0,0.07,0.03,0,0.02,0,0,0.02,0.03,0,0.06,0.05,0.02,0,0.02,0,0.04
2015-03,31.52,21.17,12.68,18.47,8.44,0,2.4,0.99,2.13,0.59,0.4,0.2,0.32,0,0.13,0.1,0.03,0.02,0,0.07,0,0.06,0.02,0,0.02,0,0,0.03,0.03,0,0.07,0.04,0.02,0,0.02,0,0.04
2015-04,32.3,19.49,13.69,17.96,9.12,0,2.12,1,2.2,0.5,0.38,0.21,0.28,0,0.12,0.09,0.03,0.01,0,0.06,0,0.06,0.02,0,0.02,0,0,0.04,0.03,0,0.1,0.04,0.03,0,0.01,0,0.08
2015-05,33.17,18.87,14.53,17.17,9.96,0,1.21,0.93,2.15,0.44,0.38,0.24,0.26,0,0.12,0.08,0.03,0.01,0,0.06,0,0.06,0.02,0,0.02,0,0,0.04,0.03,0,0.1,0.04,0.03,0,0.01,0,0.04
2015-06,32.97,18.84,14.91,15.71,11.96,0,0.75,0.94,2.06,0.39,0.35,0.21,0.26,0,0.11,0.08,0.03,0.01,0,0.06,0,0.06,0.02,0,0.01,0,0,0.05,0.03,0,0.08,0.04,0.03,0,0.01,0,0.03
2015-07,33.82,18.96,14.93,15.16,11.67,0,0.69,0.89,2.11,0.33,0.35,0.23,0.25,0,0.09,0.08,0.04,0.01,0.01,0.05,0,0.06,0.02,0,0.01,0,0,0.05,0.03,0,0.08,0.04,0.04,0,0.01,0,0.03
2015-08,33.52,17.54,15.87,14.46,13.21,0,0.64,1,2.02,0.31,0.33,0.29,0.22,0,0.09,0.08,0.04,0.01,0.01,0.04,0,0.05,0.02,0,0.01,0,0,0.05,0.02,0,0.08,0.03,0.04,0,0.01,0,0.02
2015-09,34.38,16.78,16.82,13.59,13.36,0,0.54,0.95,1.99,0.31,0.28,0.21,0.2,0,0.08,0.08,0.05,0.01,0.01,0.04,0,0.05,0.02,0,0.01,0,0,0.05,0.02,0,0.07,0.03,0.04,0,0.01,0,0.02
2015-10,35.85,16.38,17.42,13.06,12.58,0,0.44,0.83,2.07,0.29,0.11,0.18,0.2,0,0.08,0.09,0.05,0.02,0.01,0.04,0,0.04,0.02,0,0.01,0,0,0.04,0.02,0,0.06,0.03,0.04,0,0.01,0,0.02
2015-11,37.42,17.94,16.95,11.73,11.41,0,0.41,0.77,2.04,0.28,0.1,0.15,0.2,0,0.07,0.1,0.06,0.03,0.02,0.04,0,0.05,0.02,0,0.01,0,0,0.04,0.02,0,0.05,0.03,0.04,0,0.01,0,0.02
2015-12,36.93,17.9,18.6,10.85,11.22,0,0.38,0.86,2.04,0.24,0.12,0.1,0.19,0,0.07,0.09,0.05,0.03,0.04,0.03,0,0.04,0.01,0,0.01,0,0,0.05,0.02,0,0.05,0.03,0.04,0,0.01,0,0.02
2016-01,37.69,18.31,18.63,10.24,10.95,0,0.34,0.77,1.9,0.21,0.1,0.09,0.18,0,0.06,0.09,0.05,0.05,0.05,0.03,0,0.04,0.01,0,0.01,0,0,0.04,0.02,0,0.04,0.03,0.04,0,0.01,0,0.02
2016-02,35.92,18.21,20.1,9.49,10.78,1.41,0.34,0.78,1.83,0.21,0.1,0.09,0.19,0,0.06,0.09,0.04,0.04,0.05,0.03,0,0.04,0.01,0,0.01,0,0,0.04,0.02,0,0.04,0.03,0.04,0,0.01,0,0.02
2016-03,33.8,17.5,19.6,9.03,10.83,5.53,0.32,0.71,1.64,0.19,0.09,0.09,0.17,0,0.05,0.09,0.05,0,0.07,0.03,0,0.04,0.01,0,0.01,0,0,0,0.02,0,0.04,0.03,0.04,0,0,0,0.01
2016-04,34.17,17.48,19.75,8.3,10.94,5.71,0.29,0.72,1.6,0.18,0.09,0.1,0.16,0,0.05,0.09,0.05,0,0.09,0.02,0,0.04,0.01,0,0.01,0,0,0,0.02,0,0.03,0.02,0.04,0,0,0,0.01
2016-05,34.44,17.36,20.49,7.68,11.02,5.46,0.28,0.71,1.52,0.18,0.09,0.09,0.17,0,0.05,0.09,0.04,0,0.1,0.02,0,0.04,0.01,0,0.01,0,0,0.01,0.02,0,0.03,0.02,0.04,0,0,0,0.01
2016-06,38.22,18.95,14.24,7.82,10.81,6.3,0.27,0.66,1.61,0.2,0.1,0.11,0.16,0,0.05,0.09,0.04,0,0.13,0.03,0,0.05,0.01,0,0.01,0,0,0.02,0.02,0,0.03,0.03,0.04,0,0.01,0,0.01
2016-07,38.54,18.51,14.46,7.27,11.24,6.55,0.26,0.59,1.47,0.19,0.09,0.12,0.15,0,0.05,0.1,0.05,0,0.14,0.02,0,0.04,0.01,0,0.01,0,0,0.02,0.01,0,0.03,0.02,0.04,0,0.01,0,0.01
2016-08,39.1,18.62,14.68,6.79,10.67,6.96,0.23,0.5,1.37,0.16,0.08,0.11,0.15,0,0.04,0.12,0.05,0,0.15,0.02,0,0.04,0.01,0,0,0,0,0.02,0.01,0,0.03,0.02,0.04,0,0,0,0.01
2016-09,39.09,17.9,17.04,6.33,9.8,6.86,0.21,0.47,1.26,0.16,0.08,0.08,0.16,0,0.04,0.11,0.05,0,0.15,0.02,0,0.04,0.01,0,0,0,0,0.03,0.01,0,0.03,0.02,0.04,0,0,0,0.01
2016-10,40.64,17.69,17.9,5.83,8.68,6.52,0.19,0.45,1.13,0.14,0.07,0.07,0.14,0,0.03,0.11,0.05,0,0.15,0.02,0,0.04,0.01,0,0,0,0,0.05,0.01,0,0.02,0.02,0.03,0,0,0,0.01
2016-11,43.22,17.43,16.73,5.28,8.42,6.39,0.17,0.43,1.02,0.12,0.07,0.06,0.13,0,0.03,0.11,0.05,0,0.14,0.01,0,0.04,0.01,0,0,0,0,0.07,0.01,0,0.02,0.02,0.03,0,0,0,0.01
2016-12,43.72,17.45,16.77,4.87,8.55,6.29,0.16,0.35,0.93,0.1,0.06,0.06,0.12,0,0.03,0.12,0.06,0,0.14,0.01,0,0.04,0.01,0,0,0,0,0.08,0.01,0,0.02,0.02,0.03,0,0,0,0.01
2017-01,45.54,18.22,16.36,4.67,6.34,6.63,0.15,0.34,0.86,0.08,0.06,0.07,0.11,0,0.02,0.12,0.07,0,0.14,0.01,0,0.03,0,0,0,0,0,0.09,0.01,0,0.02,0.02,0.03,0,0,0,0.01
2017-02,45.98,17.94,16.88,4.36,6.09,6.52,0.14,0.36,0.85,0.06,0.07,0.07,0.08,0,0.02,0.14,0.07,0,0.15,0.01,0,0.02,0,0,0,0,0,0.1,0.01,0,0.02,0.01,0.03,0,0,0,0.01
2017-03,47.1,18.01,16.97,4.12,5.52,6.29,0.14,0.29,0.77,0.06,0.06,0.07,0.09,0,0.02,0.07,0.06,0,0.14,0.01,0,0.02,0,0,0,0,0,0.11,0.01,0,0.02,0.01,0.02,0,0,0,0
2017-04,48.47,18.34,15.89,3.91,5.06,6.49,0.13,0.26,0.71,0.05,0.06,0.05,0.09,0,0.02,0.07,0.07,0,0.15,0.01,0,0.02,0,0,0,0,0,0.09,0.01,0,0.02,0.01,0.02,0,0,0,0
2017-05,49.23,17.73,15.89,3.75,5.03,6.58,0.12,0.26,0.68,0.04,0.06,0.05,0.08,0,0.02,0.06,0.07,0,0.15,0,0,0.02,0,0,0,0,0,0.09,0.01,0,0.02,0.01,0.02,0,0,0,0
2017-06,49.32,17.75,15.82,3.45,5.37,6.57,0.11,0.23,0.65,0.04,0.06,0.05,0.08,0,0.01,0.06,0.07,0,0.15,0.01,0,0.01,0,0,0,0,0,0.1,0.01,0,0.02,0.01,0.02,0,0,0,0
2017-07,50.07,17.19,15.55,3.41,5.58,6.54,0.11,0.22,0.62,0.03,0.06,0.05,0.06,0,0.01,0.06,0.08,0,0.15,0,0,0.01,0,0,0,0,0,0.1,0.01,0,0.02,0.01,0.02,0,0,0,0
2017-08,50.62,18.65,13.81,3.14,5.6,6.61,0.1,0.21,0.6,0.03,0.07,0.05,0.05,0,0.01,0.06,0.08,0,0.15,0,0,0.01,0,0,0,0,0,0.08,0.01,0,0.01,0.01,0.02,0,0,0,0
2017-09,51.78,17.74,13.54,2.89,5.84,6.55,0.11,0.2,0.57,0.03,0.16,0.08,0.06,0,0.01,0.06,0.09,0,0.14,0,0,0.01,0,0,0,0,0,0.08,0.01,0,0.01,0.01,0.02,0,0,0,0
2017-10,49.55,18.4,14.72,2.78,5.61,6.73,0.13,0.19,0.54,0.03,0.45,0.31,0.07,0,0.01,0.09,0.09,0,0.13,0,0,0.02,0,0,0,0,0,0.08,0.02,0,0.01,0.01,0.01,0,0,0,0
2017-11,49.58,18.76,15.19,2.59,5.54,5.94,0.15,0.17,0.49,0.03,0.68,0.29,0.07,0,0.01,0.12,0.08,0,0.13,0,0,0.02,0,0,0,0,0,0.09,0.02,0,0.01,0.01,0.02,0,0,0,0
2017-12,49.72,18.34,15.76,2.46,5.7,5.49,0.19,0.16,0.44,0.03,0.8,0.3,0.08,0,0.01,0.12,0.09,0,0.12,0,0,0.02,0,0,0,0,0,0.1,0.02,0,0.01,0.01,0.02,0,0,0,0
2018-01,50.88,18.1,15.17,2.38,5.57,5.48,0.18,0.13,0.42,0.03,0.82,0.29,0.07,0,0.01,0.11,0.1,0,0.11,0,0,0.02,0,0,0,0,0,0.07,0.01,0,0.01,0.01,0.02,0,0,0,0
2018-02,51.66,18.55,14.48,2.31,5.15,5.65,0.09,0.13,0.41,0.02,0.76,0.31,0.05,0,0.01,0.11,0.09,0,0.11,0,0,0.01,0,0,0,0,0,0.04,0.01,0,0.01,0.01,0.01,0,0,0,0
2018-03,52.53,19.24,13.49,2.17,5.05,5.27,0.08,0.12,0.38,0.02,0.45,0.29,0.05,0.43,0.01,0.12,0.08,0,0.1,0,0,0.01,0,0,0,0,0,0.03,0.01,0,0.01,0.01,0.01,0,0,0,0
2018-04,52.52,17.6,14.6,2.16,5.38,5.25,0.09,0.12,0.38,0.02,0.33,0.41,0.05,0.66,0.01,0.13,0.08,0,0.11,0,0,0.01,0,0,0,0,0,0.03,0.01,0,0.01,0.01,0.01,0,0,0,0
2018-05,53.26,17.35,14.89,2.03,5.01,4.98,0.08,0.09,0.34,0.02,0.3,0.44,0.06,0.74,0.01,0.12,0.08,0,0.1,0,0,0.01,0,0,0,0,0,0.03,0.01,0,0.01,0.01,0.01,0,0,0,0
2018-06,54.98,17.25,13.39,2.07,4.55,5.09,0.08,0.08,0.33,0.03,0.3,0.62,0.06,0.76,0.01,0.14,0.08,0,0.1,0,0,0.01,0,0,0,0,0,0.02,0.01,0,0.01,0.01,0.01,0,0,0,0
2018-07,55.98,17.7,12.49,1.95,4.26,5.12,0.07,0.07,0.31,0.02,0.31,0.5,0.06,0.76,0.01,0.14,0.09,0,0.09,0,0,0.01,0,0,0,0,0,0.02,0.01,0,0.01,0.01,0.01,0,0,0,0
2018-08,55.94,18.64,11.18,1.81,4.57,5.47,0.07,0.07,0.29,0.01,0.31,0.36,0.06,0.82,0,0.16,0.09,0,0.09,0,0,0.01,0,0,0,0,0,0.02,0,0,0.01,0.01,0,0,0,0,0
2018-09,57.44,18.94,9.71,1.67,4.41,5.47,0.06,0.06,0.27,0.02,0.32,0.28,0.06,0.85,0,0.17,0.11,0,0.09,0,0,0.01,0,0,0,0,0,0.01,0,0,0.01,0.01,0,0.05,0,0,0
2018-10,56.89,20.52,8.4,1.59,4.25,5.73,0.05,0.05,0.25,0.02,0.33,0.27,0.06,0.93,0,0.17,0.12,0.01,0.09,0,0,0.01,0,0,0,0,0,0.01,0,0,0.01,0.01,0,0.22,0,0,0
2018-11,53.1,22.47,8.88,1.72,4.52,6.19,0.06,0.05,0.28,0.02,0.37,0.28,0.06,1.12,0,0.19,0.14,0.01,0.1,0,0,0.01,0,0,0,0,0,0.01,0,0,0.01,0.01,0,0.39,0.01,0,0
2018-12,57.22,20.11,8.02,1.58,4.05,6.01,0.05,0.04,0.24,0.01,0.34,0.26,0.05,1.13,0,0.2,0.11,0,0.08,0,0,0.01,0,0,0,0,0,0.01,0,0,0.01,0.01,0,0.44,0,0,0
2019-01,56.34,20.87,7.31,1.51,3.62,7.43,0.05,0.04,0.21,0.01,0.34,0.3,0.05,1.1,0,0.2,0.09,0,0.08,0,0,0.01,0,0,0,0,0,0.01,0,0,0,0.01,0,0.4,0,0,0
2019-02,56.74,21.29,7.28,1.44,3.53,7.14,0.05,0.04,0.21,0.01,0.35,0.26,0.05,0.96,0,0.24,0.09,0,0.07,0,0,0.01,0,0,0,0,0,0.01,0,0,0,0.01,0,0.19,0,0,0
2019-03,59.24,20.54,6.55,1.33,3.2,6.78,0.04,0.04,0.2,0.01,0.35,0.23,0.04,0.84,0,0.25,0.13,0,0.07,0,0.01,0.01,0,0,0,0,0,0.01,0,0,0,0.01,0,0.11,0,0,0
2019-04,59.43,20.8,6.01,1.36,2.92,7.26,0.03,0.04,0.18,0.01,0.36,0.25,0.04,0.73,0,0.24,0.09,0,0.07,0,0.09,0.01,0,0,0,0,0,0,0,0,0,0.01,0,0.08,0,0,0
2019-05,59.68,20.74,6.11,1.16,2.89,7.1,0.03,0.03,0.17,0.01,0.39,0.27,0.04,0.77,0,0.25,0.09,0,0.06,0,0.11,0.01,0,0,0,0,0,0,0,0,0,0,0,0.06,0,0,0
2019-06,60.52,20.12,6.17,1.19,2.76,6.97,0.02,0.03,0.15,0.01,0.35,0.33,0.03,0.79,0,0.23,0.09,0,0.06,0,0.11,0.01,0,0,0,0,0,0,0,0,0,0,0,0.04,0,0,0
2019-07,59.66,20.06,6.62,1.15,2.85,7.35,0.02,0.03,0.14,0.01,0.33,0.41,0.03,0.81,0,0.23,0.1,0,0.05,0,0.11,0,0,0,0,0,0,0,0,0,0,0,0,0.03,0,0,0
2019-08,60.86,20.25,6.35,0.75,2.97,6.77,0.01,0.03,0.14,0,0.34,0.36,0.03,0.59,0,0.23,0.1,0,0.05,0,0.13,0,0,0,0,0,0,0,0,0,0,0,0,0.02,0,0,0
2019-09,62.03,20.55,5.76,0.58,2.72,6.45,0.01,0.02,0.12,0.01,0.35,0.43,0.03,0.38,0,0.23,0.09,0,0.04,0,0.13,0,0,0,0,0,0,0,0,0,0,0,0,0.02,0,0,0
2019-10,63.8,19.7,5.33,0.51,2.48,6.27,0.01,0.02,0.11,0.01,0.35,0.46,0.03,0.42,0,0.22,0.09,0,0.04,0,0.12,0,0,0,0,0,0,0,0,0,0,0,0,0.01,0,0,0
2019-11,62.26,21.19,5.4,0.46,2.44,6.33,0.01,0.02,0.11,0.01,0.37,0.34,0.03,0.49,0,0.23,0.12,0,0.04,0,0.13,0,0,0,0,0,0,0,0,0,0,0,0,0.01,0,0,0
2019-12,61.1,22.88,5.15,0.38,2.2,6.49,0.01,0.02,0.09,0,0.41,0.36,0.03,0.35,0,0.23,0.1,0,0.03,0,0.13,0,0,0,0,0,0,0,0,0.01,0,0,0,0.01,0,0,0
2020-01,61.77,22.84,4.79,0.4,2.14,6.4,0.01,0.02,0.09,0.01,0.4,0.37,0.03,0.21,0,0.25,0.1,0,0.03,0,0.12,0,0,0,0,0,0,0,0,0.01,0,0,0,0.01,0,0,0
2020-02,61.96,23.83,3.97,0.48,1.62,6.35,0.01,0.01,0.09,0,0.41,0.45,0.03,0.23,0,0.23,0.1,0,0.08,0,0.12,0,0,0,0,0,0,0,0,0.01,0,0,0,0.01,0,0,0
2020-03,61.52,24.95,3.64,0.52,1.06,6.47,0,0.01,0.08,0,0.41,0.42,0.03,0.32,0,0.22,0.1,0,0.08,0,0.13,0,0,0,0,0,0,0,0,0.01,0,0,0,0,0,0,0
2020-04,60.39,26.56,3.49,0.4,1.29,6.33,0,0.01,0.04,0,0.4,0.38,0.03,0.12,0,0.22,0.11,0,0.09,0,0.11,0,0,0,0,0,0,0,0,0.01,0,0,0,0,0,0,0
2020-05,61.61,24.45,3.79,0.38,1.55,6.51,0,0.01,0.01,0,0.43,0.42,0.03,0.2,0,0.22,0.13,0,0.09,0,0.12,0,0,0,0,0,0,0,0,0.01,0,0,0,0,0,0,0
2020-06,63.42,22.98,3.4,0.35,1.6,6.55,0,0.01,0.01,0,0.47,0.4,0.04,0.13,0,0.23,0.15,0,0.1,0,0.13,0,0,0,0,0,0,0,0,0.01,0,0,0,0,0,0,0
2020-07,64.11,22.58,2.75,0.33,1.79,6.75,0,0.01,0.01,0,0.48,0.41,0.03,0.1,0,0.26,0.14,0,0.1,0,0.12,0,0,0,0,0,0,0,0,0.01,0,0,0,0,0,0,0
2020-08,64.05,22.86,2.51,0.26,1.89,6.77,0,0.01,0.01,0,0.49,0.4,0.06,0.08,0,0.22,0.13,0,0.1,0,0.14,0,0,0,0,0,0,0,0,0.01,0,0,0,0,0,0,0
2020-09,64.65,22.69,2.34,0.32,1.91,6.44,0.01,0.01,0.01,0.01,0.47,0.4,0.06,0.08,0,0.22,0.11,0,0.11,0,0.14,0,0,0,0,0,0,0,0,0.01,0,0,0,0,0,0,0
2020-10,63.28,24.17,2.37,0.26,1.81,6.55,0.01,0.01,0.01,0,0.45,0.39,0.04,0.07,0,0.21,0.11,0,0.11,0,0.14,0,0,0,0,0,0,0,0,0.01,0,0,0,0,0,0,0
2020-11,61.35,25.68,2.46,0.26,1.91,6.59,0,0.01,0.01,0,0.5,0.36,0.09,0.13,0,0.2,0.13,0,0.12,0,0.16,0,0,0,0,0,0,0,0,0.01,0,0,0,0,0,0,0
2020-12,62.63,24.55,2.51,0.24,2.09,6.23,0,0.01,0.01,0,0.51,0.33,0.06,0.13,0,0.18,0.17,0.01,0.12,0,0.2,0,0,0,0,0,0,0,0,0.01,0,0,0,0,0,0,0.01
2021-01,62.43,24.98,2.51,0.21,1.9,6.3,0,0.01,0.01,0,0.5,0.33,0.06,0.1,0,0.17,0.16,0.01,0.12,0,0.19,0,0,0,0,0,0,0,0,0.01,0,0,0,0,0,0,0.01
2021-02,62.57,24.8,2.7,0.23,1.89,6.09,0,0.01,0.01,0,0.51,0.39,0.04,0.14,0,0.16,0.14,0.01,0.12,0,0.18,0,0,0,0,0,0,0,0,0.01,0,0,0,0,0,0,0.01
2021-03,63.04,24.85,2.43,0.21,1.84,6.04,0,0.01,0.01,0,0.49,0.31,0.03,0.14,0,0.16,0.13,0,0.12,0,0.15,0,0,0,0,0,0,0,0,0.01,0,0,0,0,0,0,0.01
2021-04,63.15,24.44,2.27,0.51,1.97,6.04,0,0.01,0.01,0,0.48,0.31,0.03,0.17,0,0.16,0.13,0,0.12,0,0.16,0,0,0,0,0,0,0,0,0.01,0,0,0,0,0,0,0.01
2021-05,63.06,23.93,2.36,1.02,2.16,5.85,0,0.01,0.01,0,0.48,0.32,0.03,0.17,0,0.14,0.14,0,0.12,0,0.15,0,0,0,0,0,0,0,0,0.01,0,0,0,0,0,0,0.01
2021-06,63.72,23.78,2.31,0.74,2.06,5.74,0,0.01,0.01,0,0.51,0.33,0.03,0.18,0,0.14,0.15,0.01,0.12,0,0.15,0,0,0,0,0,0,0,0,0.02,0,0,0,0,0,0,0.01
2021-07,63.68,24.36,2.05,0.7,1.94,5.61,0,0.01,0.01,0,0.51,0.31,0.03,0.19,0,0.14,0.14,0.01,0.12,0,0.17,0,0,0,0,0,0,0,0,0.02,0,0,0,0,0,0,0.01
2021-08,64.58,23.92,1.87,0.58,2.04,5.38,0,0.01,0.01,0,0.51,0.3,0.04,0.19,0,0.13,0.14,0.01,0.13,0,0.15,0,0,0,0,0.01,0,0,0,0.01,0,0,0,0,0,0,0.01
2021-09,64.33,24.23,1.87,0.49,2.2,5.3,0,0.01,0.01,0,0.49,0.31,0.03,0.17,0,0.13,0.13,0,0.09,0,0.15,0,0,0,0,0.04,0,0,0,0.01,0,0,0,0,0,0,0.01
2021-10,63.57,25.61,1.72,0.48,2.02,5.17,0,0,0.01,0,0.49,0.29,0.02,0.11,0,0.12,0.11,0,0.04,0,0.12,0,0,0,0,0.08,0,0,0,0.01,0,0,0,0,0,0,0.01
2021-11,63.06,25.87,1.7,0.68,2.03,5.2,0,0,0,0,0.5,0.29,0.02,0.14,0,0.12,0.11,0,0.04,0,0.12,0,0,0,0,0.09,0,0,0,0,0,0,0,0,0,0,0.01
2021-12,62.48,26.48,1.67,0.69,1.96,5.19,0,0,0,0,0.52,0.31,0.02,0.13,0,0.13,0.13,0,0.02,0,0.13,0,0,0,0,0.11,0,0,0,0.01,0,0,0,0,0,0,0.01
2022-01,62.06,26.71,1.57,0.62,1.89,5.26,0,0,0,0,0.51,0.3,0.04,0.14,0,0.12,0.14,0,0.02,0,0.15,0,0,0.3,0,0.11,0,0,0,0.03,0,0,0,0,0,0,0.01
2022-02,61.93,25.56,1.48,0.6,1.87,4.95,0,0,0,0,0.48,0.29,0.04,0.17,0,0.12,0.12,0,0.02,0,0.14,0,0,2.04,0,0.12,0,0,0,0.04,0,0,0,0,0,0,0.01
2022-03,63.27,24.8,1.41,0.62,1.86,4.99,0,0,0,0,0.5,0.28,0.04,0.14,0,0.12,0.12,0.01,0.01,0,0.14,0,0,1.51,0,0.13,0,0,0,0.02,0,0,0,0,0,0,0.01
2022-04,63.59,24.83,1.41,0.77,1.88,4.9,0,0,0,0,0.53,0.28,0.04,0.12,0,0.15,0.11,0,0.01,0,0.13,0,0,1.06,0,0.14,0,0,0,0.02,0,0,0,0,0,0,0.01
2022-05,64.87,24.75,1.25,0.69,1.72,4.83,0,0,0,0,0.5,0.25,0.04,0.12,0,0.15,0.12,0,0.02,0,0.12,0,0,0.37,0,0.13,0,0,0,0.04,0,0,0,0,0,0,0.01
2022-06,65.88,24.09,1.15,0.65,1.62,4.81,0,0,0,0,0.5,0.23,0.04,0.08,0,0.16,0.12,0,0.02,0,0.13,0,0,0.31,0,0.13,0,0,0,0.06,0,0,0,0,0,0,0
2022-07,65.16,24.23,1.61,0.7,1.6,4.86,0,0,0.01,0,0.5,0.38,0.05,0.05,0,0.16,0.12,0,0.01,0,0.12,0,0,0.24,0,0.14,0,0,0,0.06,0,0,0,0,0,0,0
2022-08,65.02,24.61,1.21,0.79,1.83,4.81,0.01,0,0,0,0.52,0.23,0.07,0.04,0,0.16,0.11,0,0.01,0,0.13,0,0,0.27,0,0.14,0,0,0,0.03,0,0,0,0,0,0,0
2022-09,65.23,24.62,1.17,0.73,1.86,4.69,0,0,0.01,0,0.49,0.23,0.08,0.04,0,0.15,0.1,0,0.01,0,0.12,0,0,0.29,0,0.13,0,0,0,0.03,0,0,0,0,0,0,0
2022-10,65.03,25.1,1.06,0.84,1.8,4.63,0,0,0.01,0,0.47,0.21,0.04,0.07,0,0.15,0.11,0,0.01,0,0.11,0,0,0.15,0,0.13,0,0,0,0.06,0,0,0,0,0,0,0
2022-11,66.23,24.14,1.11,0.76,1.66,4.54,0,0,0.01,0,0.47,0.2,0.03,0.07,0,0.14,0.13,0,0.01,0,0.11,0,0,0.13,0,0.14,0,0,0,0.11,0,0,0,0,0,0,0
2022-12,64.31,23.55,2.81,0.92,1.64,5.06,0,0,0.01,0,0.47,0.32,0.03,0.11,0,0.13,0.13,0.01,0.01,0,0.13,0,0,0.12,0,0.13,0,0,0,0.11,0,0,0,0,0,0,0
2023-01,65.38,24.42,1.47,0.82,1.77,4.46,0,0,0.01,0,0.5,0.24,0.03,0.11,0,0.13,0.13,0.01,0.01,0.01,0.14,0,0,0.1,0,0.15,0,0,0,0.11,0,0,0,0,0,0,0
2023-02,66.1,23.96,1.46,0.77,1.71,4.37,0,0,0.01,0,0.48,0.2,0.03,0.13,0,0.12,0.13,0.01,0.01,0,0.13,0,0,0.09,0,0.15,0,0,0,0.15,0,0,0,0,0,0,0.01
2023-03,64.62,25.12,1.53,0.73,1.8,4.49,0,0,0.01,0,0.5,0.2,0.02,0.12,0,0.12,0.14,0.01,0.01,0,0.14,0,0,0.08,0,0.16,0,0,0,0.18,0,0,0,0,0,0,0.01
2023-04,61.76,27,1.71,0.89,1.89,4.83,0,0,0.02,0,0.52,0.23,0.03,0.12,0,0.12,0.2,0.01,0.01,0,0.17,0,0,0.08,0,0.18,0,0,0,0.2,0,0,0,0,0,0,0.01
2023-05,61.27,27.67,1.53,0.79,1.79,4.95,0,0,0.01,0,0.53,0.24,0.02,0.2,0,0.11,0.19,0.01,0.01,0,0.16,0,0,0.08,0,0.18,0,0,0,0.22,0,0,0,0,0,0,0.01
2023-06,64.82,24.83,1.82,0.69,1.76,4.3,0,0,0.01,0,0.49,0.27,0.02,0.18,0,0.04,0.16,0.01,0.01,0,0.12,0,0,0.07,0,0.17,0,0,0,0.23,0,0,0,0,0,0,0.01
2023-07,64.79,24.79,1.79,0.65,1.94,4.3,0,0,0.01,0,0.5,0.29,0.02,0.15,0,0.04,0.2,0.01,0.01,0,0.13,0,0,0.04,0,0.19,0,0,0,0.13,0,0,0,0,0,0,0.01
2023-08,64.64,24.96,1.79,0.55,2.04,4.29,0,0,0.01,0,0.47,0.31,0.02,0.1,0,0.04,0.22,0.01,0.01,0.01,0.12,0,0,0.06,0,0.2,0,0,0,0.13,0,0,0,0,0,0,0.01
2023-09,63.71,25.84,1.63,0.63,1.99,4.37,0,0,0.01,0,0.51,0.3,0.02,0.1,0,0.04,0.2,0,0.01,0.01,0.13,0,0,0.04,0,0.21,0,0,0,0.12,0,0,0,0,0,0,0.13
2023-10,64.08,25.76,1.47,0.53,2,4.44,0,0,0.01,0,0.5,0.28,0.02,0.11,0,0.04,0.22,0,0.01,0.01,0.13,0,0,0.03,0,0.21,0,0,0,0.11,0,0,0,0,0,0,0.01
2023-11,64.54,25.16,1.45,0.39,2.1,4.58,0,0,0.01,0,0.51,0.26,0.02,0.12,0,0.03,0.23,0,0.01,0.01,0.14,0,0,0.03,0,0.23,0,0,0,0.13,0,0,0,0,0,0,0.04
2023-12,64.93,24.71,1.48,0.29,2.27,4.48,0,0,0.01,0,0.52,0.28,0.02,0.14,0,0.03,0.21,0,0.01,0.01,0.13,0,0,0.04,0,0.24,0,0,0,0.14,0,0,0,0,0,0,0.04
2024-01,64.74,25.07,1.36,0.36,2.15,4.39,0,0,0.01,0,0.5,0.34,0.03,0.16,0,0.04,0.21,0,0.01,0.01,0.13,0,0,0.04,0,0.3,0,0,0,0.14,0,0,0,0,0,0,0.04
2024-02,65.92,23.77,1.33,0.41,2.17,4.42,0,0,0.01,0,0.47,0.4,0.03,0.14,0,0.03,0.2,0,0.01,0,0.14,0,0,0.05,0,0.32,0,0,0,0.13,0,0,0,0,0,0,0.04
2024-03,65.29,24.26,1.44,0.43,2.2,4.41,0,0,0.01,0,0.48,0.38,0.03,0.13,0,0.03,0.2,0,0.01,0,0.14,0,0,0.06,0,0.3,0,0,0,0.13,0,0,0,0,0,0,0.04
2024-04,65.75,23.77,1.45,0.35,2.18,4.37,0,0,0,0,0.49,0.46,0.04,0.12,0,0.03,0.23,0,0.01,0,0.16,0,0,0.07,0,0.33,0,0,0,0.13,0,0,0,0,0,0,0.04
2024-05,65.94,23.47,1.48,0.34,2.16,4.43,0,0,0,0,0.51,0.48,0.02,0.15,0,0.03,0.21,0,0.01,0,0.17,0,0,0.09,0,0.34,0,0,0,0.12,0,0,0,0,0,0,0.04
2024-06,66.98,22.81,1.59,0.32,1.9,4.27,0,0,0,0,0.53,0.51,0.02,0.13,0,0.03,0.19,0,0.01,0,0.15,0,0,0.04,0,0.38,0,0,0,0.09,0,0,0,0,0,0,0.04
2024-07,66.45,23.21,1.66,0.43,1.87,4.19,0,0,0,0,0.56,0.53,0.02,0.11,0,0.03,0.18,0,0.01,0,0.16,0,0,0.04,0,0.41,0,0,0,0.09,0,0,0,0,0,0,0.04
2024-08,66.2,23.26,1.78,0.35,2.04,4.13,0,0,0.01,0,0.57,0.5,0.02,0.08,0,0.03,0.25,0,0.01,0,0.14,0,0,0.05,0,0.45,0,0,0,0.09,0,0,0,0,0,0,0.04
2024-09,66.75,23.03,1.95,0.37,1.91,3.89,0,0,0,0,0.54,0.43,0.02,0.05,0,0.03,0.27,0,0.01,0,0.14,0,0,0.05,0,0.44,0,0,0,0.07,0,0,0,0,0,0,0.05
